{"cameraMode":{"drawMode":0,"name":"Shaded","section":"Shading Mode"},"sceneLighting":false,"audioPlay":false,"sceneViewState":{"showFog":true,"showMaterialUpdate":true,"showSkybox":false,"showFlares":true,"showImageEffects":true,"showParticleSystems":true},"in2DMode":false,"pivot":{"x":45.551937103271487,"y":-6.959444046020508,"z":-33.592369079589847},"rotation":{"x":0.00024258893972728401,"y":0.9992467761039734,"z":-0.038388095796108249,"w":0.0062913126312196259},"size":5.92975378036499,"orthographic":true}