{"cameraMode":{"drawMode":0,"name":"Shaded","section":"Shading Mode"},"sceneLighting":true,"audioPlay":false,"sceneViewState":{"showFog":true,"showMaterialUpdate":true,"showSkybox":true,"showFlares":true,"showImageEffects":true,"showParticleSystems":true},"in2DMode":false,"pivot":{"x":464.550048828125,"y":0.10000000149011612,"z":-70.72000122070313},"rotation":{"x":-0.001047900877892971,"y":-0.7155407667160034,"z":-0.0010732754599303008,"w":0.6985708475112915},"size":20.313247680664064,"orthographic":true}